,user_id1
0,200695422.0
1,1699863337.0
5,8.627473492774502e+17
7,4819478705.0
11,712941191.0
13,982288614.0
14,9.761072058492068e+17
15,1464802938.0
19,8.004575875104768e+17
20,1.35852217934481e+18
21,9.895997089171374e+17
22,1.0840162503244841e+18
23,1.337449475577684e+18
24,1.2174567776436593e+18
25,884120154.0
27,1.3732043247808061e+18
30,1255077182.0
31,24557593.0
34,1.2987414204303278e+18
36,1.0018372012762358e+18
37,1.3316924660309647e+18
38,1.3195705769571492e+18
39,1.218949372576256e+18
40,378693834.0
41,9.340163275677901e+17
45,1.198697363734442e+18
46,126421442.0
47,369412507.0
48,42401449.0
50,3123950502.0
52,1.3403472389172593e+18
53,1.4012860088979497e+18
55,3304006762.0
57,1.262451438103466e+18
58,351405321.0
61,8.203417455232942e+17
62,9.848843068531876e+17
63,25980076.0
64,1.3160942218168238e+18
67,995519538.0
68,1.1198534463273042e+18
69,9.785476986546422e+17
71,1.3263965230689894e+18
72,348460907.0
73,24253731.0
76,16690437.0
77,1.3565823717940388e+18
79,2835233692.0
82,1.3250252089405809e+18
83,282195399.0
85,2179010672.0
86,327577743.0
87,7.245659911041106e+17
88,3305672686.0
90,395209158.0
91,1.4117203113604424e+18
93,140821364.0
94,33172351.0
95,2773426719.0
96,2797812265.0
97,2197566851.0
98,176104376.0
99,1487766242.0
103,3376953843.0
104,57293969.0
105,2320519958.0
107,19438957.0
109,3627640695.0
112,1.0618739797602632e+18
114,1.3181406446663188e+18
116,9.558998343257006e+17
118,3043727333.0
119,73063590.0
123,971041934.0
124,131951266.0
125,1.376235556934447e+18
126,480623844.0
128,9.086560394275471e+17
129,587862375.0
130,2743298733.0
132,36052322.0
133,237301726.0
134,4755310637.0
138,1.4155985671343186e+18
139,1.1729702022057574e+18
142,179216369.0
143,9.133279576026931e+17
144,569257486.0
145,320371157.0
155,3899440337.0
159,1.0149088811207516e+18
165,1.367890365475414e+18
166,8.058239502531502e+17
167,1.0954090022494454e+18
169,17836553.0
170,8.300856780630303e+17
175,9.956383940542013e+17
177,1444618765.0
179,136266976.0
180,445375409.0
181,7.815799823132508e+17
182,9.358150000060539e+17
184,8.405459371435622e+17
185,1.2396386459733647e+18
187,8.317621147338179e+17
188,23925041.0
191,2520914390.0
192,748851762.0
193,1.318221564802982e+18
194,1.148118617998975e+18
196,88495338.0
197,9.98243462138024e+17
199,56642385.0
201,9.108786545357496e+17
207,8.647053305545605e+17
209,16933435.0
210,1630568029.0
212,1927857168.0
214,1.0854181677431931e+18
215,218965191.0
216,9.844955868702884e+17
217,8.746393704768102e+17
218,3418642394.0
219,4136151975.0
220,99268600.0
223,9.680775839245844e+17
224,374598531.0
225,8.52992690820182e+17
226,1.1693029680233021e+18
227,1.40774307504529e+18
229,1.0870390398264689e+18
232,231801269.0
233,1.2058640681642598e+18
235,1.348891903174062e+18
236,7.50401006379434e+17
238,1.2834659497656648e+18
239,8.101364832146104e+17
240,7.877768880979272e+17
241,1543429536.0
242,8.029684978317394e+17
243,8.579069517071278e+17
245,262730721.0
247,7.133613668584817e+17
249,1543429536.0
250,32323724.0
253,1.3871166111910707e+18
254,19108071.0
255,9.177562965558927e+17
257,1.3370568105665536e+18
259,9.04304932257493e+17
260,9.319351771563172e+17
261,150372237.0
262,8.930276275686973e+17
265,9.5640288674492e+17
268,7.484535436323308e+17
269,1.407404039613059e+18
270,38001527.0
275,3042472761.0
276,141585108.0
280,1.3733212484077486e+18
282,1.2870125545948242e+18
283,3421941999.0
284,3416119343.0
286,172269309.0
288,490635718.0
289,8.32308057988354e+17
290,8.829298655357051e+17
291,43297012.0
293,192279146.0
294,255924880.0
295,426403057.0
296,1.232775882055594e+18
300,1.1937868961298883e+18
302,7.293601912637809e+17
303,1.4218820678145966e+18
304,81394072.0
307,7.162205543621509e+17
308,1.1072894772597146e+18
312,33738797.0
314,106136813.0
315,9.355549636395581e+17
316,1.0609236886509691e+18
318,1.1457173543635313e+18
319,1.2420512533136015e+18
321,8.109575607235052e+17
322,204259229.0
323,2711464448.0
324,8.499787326558904e+17
325,17469649.0
326,522321804.0
328,8.579033366574326e+17
329,8.298421503220326e+17
330,1391879604.0
331,3158649058.0
332,1617177360.0
333,7.971373338207846e+17
335,1.409819250273964e+18
336,1.1576004667060756e+18
340,2667423988.0
343,8.379501963320033e+17
344,1.1257514452052623e+18
345,8.833479161312707e+17
346,161395160.0
347,1.1391588397424108e+18
348,8.149705463666115e+17
349,4113149309.0
351,914320754.0
352,1.3251269736314552e+18
353,7.014714567990968e+17
354,2782377139.0
355,115666099.0
356,1.0715286359857889e+18
358,139407967.0
359,16697497.0
360,3014730448.0
361,1.3290191631264768e+18
367,1.0771918365386752e+18
370,56323510.0
371,20986770.0
372,22125770.0
373,7.620036876822815e+17
374,2942564267.0
375,2976072813.0
376,1.2366838576232325e+18
377,1.392529487594668e+18
379,1.358317156707033e+18
381,1.2582891618005033e+18
382,7.97777115689132e+17
383,1.3757871327453553e+18
384,316355056.0
387,1.338544375886975e+18
389,346072892.0
390,7.851362277753446e+17
392,1.3210434792298783e+18
395,1117821932.0
396,9.264743730993848e+17
397,9.390926361656893e+17
398,7.372260369041203e+17
399,7.525342423919534e+17
400,556073003.0
401,406425437.0
403,1872648764.0
405,9.604631045376573e+17
409,136561804.0
412,16557497.0
414,1.2336545138920243e+18
417,1.074974973327016e+18
418,7.420735340218163e+17
419,402220351.0
421,9.590741927077274e+17
424,9.742910652169134e+17
425,50768521.0
426,523192482.0
428,1.3710887531004764e+18
429,15722010.0
432,1.2490882701280297e+18
433,17535941.0
434,1662533040.0
437,1.180822701168087e+18
438,1.4246685546416906e+18
439,52431948.0
441,9.133375229981901e+17
442,714742039.0
443,152339060.0
446,1.1508462705353277e+18
447,1.3909462429691535e+18
448,377293152.0
451,40200397.0
453,3242322815.0
454,9.492014350650491e+17
456,9.184072321817559e+17
458,2532432664.0
459,47704723.0
461,1.3913535686916956e+18
462,1.2435449662002094e+18
463,1.3279893543047782e+18
466,7.07219371798741e+17
468,1.0802244151519846e+18
470,1.42583700446652e+18
472,4429947807.0
473,1.3526937312506143e+18
474,16695267.0
478,9.582688454117868e+17
479,26713568.0
481,1.3356768690610627e+18
482,1383197616.0
483,8.559232897845535e+17
485,1147508358.0
486,9.609345187137372e+17
487,1437728022.0
490,2192588903.0
491,64994645.0
492,7.59667961275777e+17
494,1.042109887604564e+18
495,1423622834.0
496,8.851678496853402e+17
497,3102810939.0
499,1.1309117166934835e+18
502,22364234.0
503,493229926.0
504,1.4129410665930547e+18
505,1.0380344313852477e+18
508,2588916057.0
509,1.2097671822064886e+18
511,2958611710.0
512,1.0993634162323456e+18
513,1.371580189000487e+18
514,7.15550792443437e+17
515,1.105754727101485e+18
519,47151012.0
522,3384789731.0
525,1.0960631892493312e+18
526,9.566095333124628e+17
529,417280296.0
530,1.414153018883416e+18
531,1.3028424083219087e+18
535,460004195.0
537,1444147808.0
538,19150447.0
540,1147619256.0
542,8.107404974803804e+17
546,422569574.0
547,1.253621098077438e+18
549,481393623.0
550,8.826875726480916e+17
552,1.3686117672371569e+18
553,9.938069471566766e+17
554,8.699272565667676e+17
555,1.1815985785082143e+18
556,18044683.0
557,2986342912.0
560,1.408771734405329e+18
561,1.1823942625892475e+18
563,9.163246370464358e+17
564,4577700622.0
565,46901618.0
567,1.22647936778786e+18
568,4130621842.0
570,809895794.0
571,59205045.0
572,1.3714462497155973e+18
573,1571601991.0
575,9.416075369685197e+17
576,2237664229.0
579,4902264802.0
580,1.1275902256922542e+18
581,1.157298670745899e+18
582,1.0322481798933955e+18
584,1.2848020203823104e+18
587,41365109.0
589,793594868.0
590,7.873246607026668e+17
592,727782559.0
595,219008427.0
597,51483238.0
598,9.881417166360945e+17
599,110368456.0
600,491342008.0
602,56811207.0
603,3375074608.0
604,1.1348649897795625e+18
605,2288663038.0
606,426582569.0
608,43322694.0
609,2468956470.0
610,8.364520238433157e+17
611,9.043472843427553e+17
612,1593341778.0
613,1.3204031940995195e+18
615,49033302.0
619,1.3244422563093955e+18
620,370585284.0
622,1.0688507696449741e+18
624,1524426913.0
626,490338797.0
627,21847611.0
633,976421048.0
636,1.3258596560156795e+18
638,1.0153077012477297e+18
639,283033082.0
640,866425075.0
641,1006825051.0
642,1.3766463573148508e+18
646,2669702732.0
648,8.177620653560996e+17
650,8.725453370130432e+17
651,626287930.0
652,1.411676203224871e+18
653,1.2888075894558147e+18
655,1350059078.0
657,8.220681223960945e+17
658,1286011081.0
660,149299258.0
663,7.383582765601505e+17
666,1.1590767485559316e+18
667,7.408379188817633e+17
668,429065822.0
671,1.326943027466793e+18
672,494809842.0
676,3096249730.0
677,39709752.0
679,468294493.0
680,1.2065191736749384e+18
682,94363834.0
683,1.2749713489437327e+18
684,413970736.0
685,6.946592085795635e+17
686,62070305.0
687,1561362152.0
691,574424501.0
694,8.673515657572393e+17
695,8.713791143049503e+17
696,7.966912900165837e+17
700,2741534691.0
701,9.517738798228808e+17
704,2814722659.0
708,1.2215590964633068e+18
709,3560085977.0
710,7.098109112597873e+17
711,2645960542.0
712,1.1239209989428224e+18
713,550951920.0
716,4797199275.0
718,1.2801800610989056e+18
719,7.796017507896566e+17
720,8.330405383707197e+17
721,58429842.0
722,1020396996.0
723,23358017.0
724,888289790.0
726,19389551.0
728,1601699642.0
731,1.2417106358780928e+18
732,2318711453.0
733,89209507.0
735,87679180.0
739,8.365534280421417e+17
741,403735368.0
742,129795099.0
743,1.1414278972463718e+18
746,1043288618.0
751,8.122857651997901e+17
752,1.2559214872754913e+18
753,3346541451.0
754,332264734.0
756,1934969178.0
757,1.0975215138703114e+18
758,1.3031881595981537e+18
760,1.183812109290881e+18
761,8.156994230576374e+17
762,38467606.0
765,9.775330015539077e+17
766,1.1809032257651057e+18
768,494987341.0
769,8.17772024697389e+17
772,1.3642507431595868e+18
773,1076269195.0
774,851426912.0
776,1.2389371770038886e+18
779,1131092102.0
781,1158585210.0
783,7.170773286696468e+17
784,49563059.0
788,7.542121922962391e+17
790,7.253706941256499e+17
791,2976064481.0
792,1.3594431119618908e+18
794,1.253385002294874e+18
795,1.0833712897866342e+18
796,1.224680935611949e+18
797,1.2921232639722783e+18
798,998949637.0
799,1858621434.0
800,15943222.0
801,974367631.0
802,20715527.0
803,56806603.0
804,18592212.0
805,1.0939801535064965e+18
807,362011129.0
809,43959185.0
810,296121556.0
812,919525980.0
814,7.960767396424909e+17
816,8.724227435973468e+17
819,1.2630286905538355e+18
820,593904128.0
821,21267421.0
823,7.864982028328223e+17
824,8.490601143887053e+17
826,7.3365272793967e+17
829,17152502.0
831,1.283381888372048e+18
832,60619687.0
833,1.1322605273784893e+18
834,44608858.0
835,1.2322745297513144e+18
838,1.2203000086684836e+18
840,1.235234790988804e+18
841,9.971387677637509e+17
843,17561226.0
845,3384824825.0
846,252943331.0
849,1.372871859025408e+18
852,1.3356197449096274e+18
853,8.726630388050166e+17
854,107806591.0
858,1.3377062382059602e+18
859,1.1332640730203832e+18
861,1.3527425622605292e+18
862,17233300.0
863,8.865077766709289e+17
865,1.1001428051276964e+18
866,7.573363866682614e+17
867,7.74659323352023e+17
868,110764747.0
870,8.699307848740045e+17
876,37642893.0
877,292151515.0
878,713049368.0
880,3105025175.0
882,9.667073658935583e+17
883,943962558.0
884,17483463.0
887,9.710401444207206e+17
888,1248680106.0
889,1247176567.0
890,1.1938168435191726e+18
891,1.0854943814052372e+18
892,433700439.0
897,9.000352565097636e+17
898,442678902.0
900,8.0438245220676e+17
902,1.1594570701246054e+18
903,15686106.0
904,2356752361.0
907,7.395310347614986e+17
908,301057308.0
909,42956120.0
910,2357675876.0
912,3047670914.0
913,8.591123602289172e+17
914,1.0464220000954491e+18
916,8.830598017475871e+17
920,1.357715864129319e+18
921,7.738306942378271e+17
925,1.0990577987160556e+18
926,817937942.0
928,8.250697981408338e+17
931,1.310162134286971e+18
932,2527085323.0
934,3591923477.0
935,1249802910.0
937,1.1600870421366538e+18
938,3362356233.0
941,7.091295028704092e+17
944,620131394.0
945,87281380.0
948,1.3116000703626322e+18
951,16737555.0
955,845490499.0
956,1.3026653177060106e+18
958,1.374342428623319e+18
961,107776320.0
963,9.44181149424898e+17
967,7.567629819759124e+17
968,1.0449468537107538e+18
969,62606677.0
974,9.08298006830764e+17
975,52024480.0
979,9.372522353686487e+17
980,425062083.0
981,1.347502987200131e+18
982,37105136.0
983,7.14907606645674e+17
985,133796046.0
990,1530171613.0
991,1.103912279077077e+18
992,8.710169312136192e+17
993,107238212.0
998,4121053541.0
999,56926002.0
1000,1.3507355125339382e+18
1001,1.2104675078086738e+18
1002,9.711323214316831e+17
1003,1.381264051678937e+18
1004,1.0495841563327078e+18
1007,7.401780466495652e+17
1008,23296367.0
1009,1313226002.0
1010,77928749.0
1012,2976335566.0
1013,7.387318113800765e+17
1015,1.3771778461587784e+18
1016,231440493.0
1017,1200442200.0
1018,7.953084941361562e+17
1019,9.532737263799706e+17
1020,1425035358.0
1021,54539198.0
1023,8.286647288514601e+17
1024,1.4249934452030218e+18
1028,1.4088665867112694e+18
1029,9.55357684013953e+17
1030,42054361.0
1031,574582030.0
1032,1.248964377027412e+18
1034,2521976694.0
1036,2868792923.0
1037,3188225915.0
1038,1.2131362734324408e+18
1039,2776064484.0
1041,79128230.0
1043,3017602065.0
1044,1.0700044808240415e+18
1045,1595763756.0
1046,97530140.0
1047,274661425.0
1048,51752254.0
1049,2803860936.0
1050,3323023973.0
1051,1.0149655023330263e+18
1052,1.301605269185626e+18
1056,46480553.0
1059,9.127803679370486e+17
1060,2221112390.0
1061,2405039875.0
1063,8.073598958634353e+17
1064,1.4207942920466473e+18
1065,7.293991372722135e+17
1066,8.495673288996168e+17
1068,9.169375982323917e+17
1069,404238396.0
1070,1.390594419624194e+18
1071,9.591054064161628e+17
1072,7.946281725706199e+17
1073,98756479.0
1074,2839740437.0
1075,1.324434290516656e+18
1076,42698498.0
1077,730314294.0
1078,149274151.0
1079,17343047.0
1081,9.107881432632074e+17
1083,28066013.0
1088,23248102.0
1090,1.3203772380098806e+18
1091,1.0362254199121142e+18
1092,108641400.0
1093,4185556127.0
1094,1.1330779337934029e+18
1097,9.952284940230861e+17
1098,7.285777064897208e+17
1099,1.3294667784733368e+18
1100,1593635527.0
1101,33043294.0
1102,18103366.0
1103,7.97838406931927e+17
1104,8.6592051966899e+17
1105,415613397.0
1108,16255941.0
1109,1.3308533041470587e+18
1110,7.840675396555981e+17
1112,29858729.0
1114,1460753227.0
1116,28327765.0
1117,713011745.0
1118,19160769.0
1119,83371585.0
1121,9.289748162202542e+17
1122,1.1148504608071926e+18
1123,427736692.0
1125,1.1250945889795809e+18
1127,19909974.0
1131,1.226592274869637e+18
1136,146376562.0
1137,193629792.0
1138,9.996599302013133e+17
1141,8.985970634448773e+17
1142,4120389699.0
1144,7.817477208978924e+17
1149,4493363728.0
1150,9.609746307092849e+17
1151,8.7430493590673e+17
1152,2664174617.0
1153,8.978491180722094e+17
1154,8.200011789436273e+17
1155,1.308132794053296e+18
1156,327297732.0
1157,4406827217.0
1158,1.362372381814231e+18
1159,2583742231.0
1160,9.640548976069714e+17
1162,3930477322.0
1163,1.4240945128807875e+18
1164,62535980.0
1167,4164673821.0
1168,8.43689802390274e+17
1170,1.35954965219917e+18
1172,1.404862670415831e+18
1173,9.122234432314286e+17
1176,1.42292053928328e+18
1178,2293984977.0
1180,8.040647979774444e+17
1181,1.410671503679574e+18
1183,90918304.0
1184,2726575499.0
1185,7.46767453951234e+17
1186,1461705757.0
1187,47620601.0
1189,58513318.0
1190,1.1612001215870853e+18
1192,1.3172177842422784e+18
1193,16361049.0
1196,2282460432.0
1197,369706514.0
1198,70347653.0
1199,3772708517.0
1200,1.161098384020824e+18
1201,47350017.0
1202,14666567.0
1203,347759618.0
1204,3348766367.0
1205,88630242.0
1206,137036352.0
1207,1001969053.0
1214,1.352915258533417e+18
1215,9.814643534457283e+17
1217,110374247.0
1218,42948881.0
1220,2823984824.0
1221,20916357.0
1222,1265693449.0
1223,9.191453478841754e+17
1224,970038451.0
1227,4249342037.0
1229,475275997.0
1233,1143130812.0
1235,1.351640581123027e+18
1237,178544586.0
1238,1906911697.0
1240,2764750474.0
1242,1743275384.0
1243,1425265488.0
1244,1.4083827927660052e+18
1247,114544941.0
1248,150188536.0
1249,19149087.0
1250,391885439.0
1251,8.725843944180818e+17
1253,1.3522181366915645e+18
1254,4908944397.0
1255,1.2380592035263078e+18
1258,1.0193353375151268e+18
1259,7.252079563048755e+17
1263,617140076.0
1264,1405886484.0
1265,1.4171416586055311e+18
1267,17576181.0
1268,68172699.0
1269,1.3960260065830052e+18
1270,1.0895702916579901e+18
1271,2733928764.0
1272,2299928407.0
1274,7.281466493908419e+17
1277,835541664.0
1278,1.4015397143106232e+18
1281,17363765.0
1282,1.2371671043375514e+18
1283,1.1396633769242583e+18
1284,4926993244.0
1285,3292982985.0
1287,19461599.0
1289,21404382.0
1290,3957185777.0
1291,9.887651136069181e+17
1292,1.255983450584232e+18
1293,1.3583836273279836e+18
1297,2320712427.0
1298,16706236.0
1300,257461232.0
1301,467381196.0
1302,1.3657718198615572e+18
1303,305633775.0
1304,1.1461364515428475e+18
1305,17229513.0
1307,1.3207710498401403e+18
1310,1.3137956072162386e+18
1312,3635730797.0
1314,3028992371.0
1315,1.4210485530242048e+18
1316,1.422856219463766e+18
1318,3303954801.0
1319,8.266839825196114e+17
1320,7.709592284503409e+17
1321,409960423.0
1322,1.3982404663956111e+18
1324,2411398358.0
1325,1.0934880584339825e+18
1327,1.3206393435649352e+18
1328,9.573826100739154e+17
1330,19139341.0
1331,63687144.0
1332,1.3412445376127508e+18
1333,1.215245011761148e+18
1334,96146500.0
1335,454981027.0
1336,1446031532.0
1338,122104353.0
1339,21197524.0
1340,2847816231.0
1341,3034092143.0
1342,2569471543.0
1343,1.2323923736170045e+18
1344,8.112441575870628e+17
1346,175507169.0
1351,1.3385232945810022e+18
1352,398550240.0
1354,29405176.0
1355,3373842209.0
1356,7.97403769378132e+17
1358,2876684620.0
1359,65336627.0
1360,2455244503.0
1362,2951060687.0
1363,953986027.0
1366,24178198.0
1367,1.3566325553873142e+18
1368,2616771779.0
1370,4875914470.0
1371,481428317.0
1372,22908417.0
1375,2812915821.0
1376,1.0198466050449367e+18
1377,472261226.0
1378,1.1939919901967852e+18
1379,1.1797153074406195e+18
1380,21144568.0
1381,1.3207856704876585e+18
1383,1.2043353691116872e+18
1384,8.7543173525692e+17
1386,3667108397.0
1390,24158261.0
1391,8.432105631907717e+17
1392,23340320.0
1393,48348187.0
1395,2322165327.0
1397,3852561082.0
1400,9.925115933416858e+17
1402,7.616492329903145e+17
1403,9.166394584092426e+17
1404,1.4189453847144858e+18
1406,3383567741.0
1407,63240190.0
1408,2368711488.0
1409,2764986941.0
1411,1095781218.0
1412,615488350.0
1414,9.836979092701553e+17
1415,9.540498662834831e+17
1416,2149926365.0
1422,1.1997688568495063e+18
1425,1.3838211631518515e+18
1427,241008237.0
1428,1.301692266592047e+18
1429,2459542621.0
1430,7.927011824226836e+17
1431,973597518.0
1433,7.964408611690906e+17
1434,7.441527887462482e+17
1435,9.376788740953006e+17
1436,23447001.0
1439,20509288.0
1442,866920381.0
1443,1.4055870358014566e+18
1444,1.248662696318419e+18
1445,1.290361590429229e+18
1447,1.260159296593113e+18
1449,1.3649631297975788e+18
1451,15820788.0
1452,1.4135366120682455e+18
1460,16344613.0
1462,314534724.0
1463,34214048.0
1464,1.0923926020103004e+18
1466,1683986797.0
1469,2490321900.0
1470,1.0593957482892329e+18
1471,208413193.0
1472,1.1505153809196892e+18
1474,995653004.0
1476,1044908065.0
1479,1.3298461336324792e+18
1481,2184554159.0
1482,8.61992050358616e+17
1483,1.2119979000219607e+18
1484,4059930622.0
1486,1.378385037536678e+18
1487,8.687624691158467e+17
1488,1.086178318230188e+18
1489,1.1660557654021448e+18
1493,143000381.0
1494,7.180502091635098e+17
1496,8.452826472617615e+17
1501,1.4109966349772472e+18
1502,9.340292288860652e+17
1503,3555027623.0
1504,1041930259.0
1505,2596171296.0
1506,79228932.0
1510,1.0703122291390259e+18
1512,1.196714325286826e+18
1513,1.1159402388017439e+18
1514,8.881511687651e+17
1516,7.377438369491231e+17
1517,1.1043042427544945e+18
1519,1.1801023892752056e+18
1520,7.442521611906621e+17
1521,50578509.0
1522,2174533082.0
1523,76652856.0
1524,1099159964.0
1526,614336150.0
1527,270435074.0
1528,1369718948.0
1529,1.2514644763747287e+18
1531,2618890032.0
1535,597575408.0
1546,9.362350587924849e+17
1547,299504739.0
1548,2443895924.0
1549,224730386.0
1550,45370052.0
1551,937403112.0
1552,110950072.0
1553,1.3228111296352133e+18
1554,7.818367260252815e+17
1555,4767566534.0
1556,8.018031277626696e+17
1557,7.847600072755159e+17
1558,4265444913.0
1559,8.756836446686044e+17
1560,52793798.0
1561,1.3072375690931405e+18
1562,17960911.0
1563,2373251115.0
1564,473872947.0
1565,53426644.0
1566,53217638.0
1567,9.840480029679821e+17
1568,1.1316364385991188e+18
1569,215236126.0
1570,9.477402100366418e+17
1571,8.78615716152447e+17
1572,8.636578749412557e+17
1573,1.352294001328726e+18
1577,1.2118154200401388e+18
1578,81596596.0
1579,3697025955.0
1580,2527808433.0
1581,166688802.0
1582,7.919917177172828e+17
1583,1.1645500555520655e+18
1586,1.3570800023329382e+18
1588,44359035.0
1589,1182878557.0
1590,1259557603.0
1591,1.047058166834434e+18
1593,1.1497727918619156e+18
1594,9.74589289689428e+17
1596,1.0210411113248195e+18
1597,7.601883556152934e+17
1598,1.3704348953743237e+18
1599,100216207.0
1600,49450039.0
1601,2527051226.0
1602,1970779310.0
1607,2280921685.0
1609,1.0014810677427937e+18
1610,8.008238492522291e+17
1611,3408940048.0
1613,1039480632.0
1616,17752770.0
1617,16674128.0
1619,1.3540905278981489e+18
1622,244992955.0
1623,1.3504228528231137e+18
1625,631226773.0
1626,8.297312365034947e+17
1628,906847944.0
1630,8.725376064033505e+17
1631,1.1540952241526252e+18
1633,1.422682964211667e+18
1634,7.085307673920758e+17
1635,7.804689530260357e+17
1640,1.042344502776791e+18
1642,21618829.0
1644,1294532364.0
1645,28089973.0
1646,1.2851435877815788e+18
1648,1.4163887092646339e+18
1650,9.366733259501281e+17
1651,7.743098608129188e+17
1653,501663381.0
1654,19108766.0
1655,1399764944.0
1656,1.2519535458610504e+18
1658,2456231110.0
1659,1.203079640514007e+18
1660,83342791.0
1663,9.608253261327524e+17
1666,1.3069291507338322e+18
1667,25909814.0
1668,1082464339.0
1669,3128634149.0
1670,1.3192900215731118e+18
1672,1673859822.0
1674,1490376331.0
1675,1.2950800698414653e+18
1677,560467206.0
1679,569166756.0
1680,90452001.0
1681,7.166349134878474e+17
1682,1.430957459125031e+18
1683,1.3486122902502072e+18
1684,74837812.0
1685,22455076.0
1686,3350681139.0
1687,882427358.0
1688,1.2021518043157996e+18
1689,2496104640.0
1691,8.491435916540928e+17
1692,1.408173283791491e+18
1693,3070364363.0
1694,1.1045449089904312e+18
1695,1.3326381873914307e+18
1696,64159881.0
1697,2959218472.0
1698,8.558579933212631e+17
1701,3333516508.0
1702,16696924.0
1704,1.3526279696641516e+18
1705,1.0735564531710403e+18
1706,1.012319286487081e+18
1708,52318801.0
1709,1.2902702131670303e+18
1710,8.199141599156675e+17
1711,1.3029196117935022e+18
1714,1.0279768986416333e+18
1715,8.141757643420754e+17
1716,9.283357378037228e+17
1719,7.74308243124392e+17
1720,1.0043112511981117e+18
1721,175071092.0
1722,1.381134050937729e+18
1723,194535434.0
1724,73488204.0
1725,180333065.0
1729,1.3670702600719852e+18
1730,7.386365687605535e+17
1731,1117749912.0
1732,741532130.0
1737,8.254911079539876e+17
1738,1325616361.0
1739,9.329302486515425e+17
1740,8.282666070089687e+17
1741,1.2327404143749816e+18
1744,1412287272.0
1748,46356949.0
1749,1.0525241727173755e+18
1752,2831760211.0
1754,133666719.0
1755,1.3104917806185554e+18
1756,311286385.0
1758,3995523039.0
1761,1720166106.0
1763,1.042866624548819e+18
1765,7.268321440819282e+17
1766,364272658.0
1767,65658028.0
1768,284965260.0
1771,1.3385676117816238e+18
1773,2545743991.0
1774,8.221207490917171e+17
1775,3417281013.0
1776,1.2892313838235156e+18
1779,1.1359966744537252e+18
1780,1.3989226660698726e+18
1782,9.256577817593324e+17
1786,242068923.0
1788,1.3867955086483538e+18
1789,68920005.0
1790,2535401947.0
1793,1.377345272657875e+18
1794,9.304221734786089e+17
1795,162806264.0
1796,7.22757627877335e+17
1798,1.3809804965538857e+18
1800,2721968432.0
1801,2864371177.0
1804,2842430247.0
1805,9.740511548743066e+17
1806,54244057.0
1808,1.3478872299480678e+18
1809,849012308.0
1810,1522682911.0
1811,30838821.0
1813,1118689765.0
1815,8.746290321004544e+17
1816,36327895.0
1819,18160122.0
1822,1.3537167021319864e+18
1823,482763399.0
1824,604527988.0
1825,460222442.0
1827,1.4109219319945052e+18
1828,406393163.0
1830,28784085.0
1832,2821347969.0
1833,1.2506633062868173e+18
1836,53351462.0
1840,1114675538.0
1841,1.379793984881578e+18
1842,3347244099.0
1844,1134308664.0
1848,1.0401607992081613e+18
1849,9.84735466783232e+17
1851,963904327.0
1852,1.1086809581008486e+18
1853,1.2902261925959885e+18
1855,33071479.0
1856,1.3217531461469348e+18
1858,540276932.0
1860,2638674329.0
1861,1524735194.0
1862,2984585201.0
1863,4258841536.0
1864,1.0272316840292844e+18
1867,22049748.0
1869,1.1129892948541112e+18
1870,1.0274781193541837e+18
1871,1.1130047437339935e+18
1872,4858227178.0
1873,159217491.0
1874,3294006790.0
1875,334704353.0
1876,1.16226856248175e+18
1883,17922403.0
1884,1.1619938512524206e+18
1885,1296544153.0
1890,9.97033716324094e+17
1891,1.3655978517666365e+18
1893,1.407600048897237e+18
1894,1.3688957372626412e+18
1895,1.3801078990920172e+18
1898,859883348.0
1899,613355829.0
1900,3367452609.0
1901,18189342.0
1903,7.54651485980459e+17
1907,8.689316384866099e+17
1909,491327447.0
1910,17363943.0
1911,8.45213960060244e+17
1912,1.3540058946741862e+18
1913,108071625.0
1914,8.495508545291878e+17
1920,1.2015156416410788e+18
1921,1.1051758935704371e+18
1922,1.2988708703462892e+18
1923,60636417.0
1924,381974354.0
1925,50315139.0
1926,2180148226.0
1927,1.256179086650749e+18
1929,1.3065039867914486e+18
1930,3823042877.0
1931,1.3244467075271434e+18
1932,866924100.0
1934,1.216808702352728e+18
1935,1178376386.0
1937,1.1044933332321853e+18
1939,1.1714425711149998e+18
1940,728990858.0
1941,8.289432224329974e+17
1942,16210314.0
1943,39938182.0
1945,10299862.0
1947,1.4178968046209352e+18
1948,1.3587592074918175e+18
1949,8.578872634218455e+17
1950,108288393.0
1952,112308891.0
1953,3161090092.0
1954,1.009025255753601e+18
1955,1.0098339041135821e+18
1956,1.3643436977316823e+18
1958,8.842845792548536e+17
1960,83795057.0
1961,2615401245.0
1965,3086891672.0
1969,8.829475952530145e+17
1972,9.59396274834477e+17
1973,95905207.0
1974,288817877.0
1975,1.0402107073405133e+18
1976,3321753670.0
1977,1.3315454335717253e+18
1978,3421254466.0
1979,9.307258364829286e+17
1980,1.3736614102286336e+18
1982,1.340469592666325e+18
1983,1.414286832439894e+18
1990,1.307698269510865e+18
1991,1496962794.0
1992,1015479978.0
1995,3399876809.0
1999,4149912972.0
2000,7.199757307849564e+17
2001,96783215.0
2002,1.2355237595970683e+18
2003,9.098410957770465e+17
2004,1.3678418515716628e+18
2005,65298490.0
2006,368334555.0
2007,775952052.0
2013,2606189844.0
2016,38150247.0
2017,41840905.0
2018,314230960.0
2019,9.42184154032169e+17
2020,1.4098984720782868e+18
2024,7.140278053156209e+17
2025,1.4090361639150756e+18
2026,47728577.0
2027,1356753444.0
2028,8.14211163974144e+17
2029,9.40585440746328e+17
2031,162398888.0
2032,1.0626391927091732e+18
2034,724395216.0
2035,8.268949651795476e+17
2036,3064795323.0
2037,8.069752377661358e+17
2042,1.410608918221398e+18
2044,9.63499263639552e+17
2045,583263978.0
2046,1.310577361394512e+18
2048,1168736216.0
2049,366801179.0
2052,8.257768273523671e+17
2053,19177808.0
2054,17870195.0
2055,1604151774.0
2056,7.579792302443684e+17
2059,3006132496.0
2060,50779450.0
2061,227468116.0
2062,1.0037339392641475e+18
2064,2820271505.0
2068,1.4040583128455004e+18
2069,1566736207.0
2072,1.3476443031206748e+18
2073,30050484.0
2075,141530638.0
2076,1117526742.0
2079,1.2041272317962854e+18
2080,1729349454.0
2081,2226815116.0
2082,50932086.0
2084,359327259.0
2085,1.4040379101024338e+18
2086,16969317.0
2087,2758602415.0
2089,1.1209614636135588e+18
2090,1.411632574670254e+18
2097,1.0387384766556283e+18
2099,1.0060997938888417e+18
2100,1098197162.0
2102,1.3199776782928978e+18
2106,9.772667197429883e+17
2107,7.433553603673702e+17
2109,9.133588387363103e+17
2110,2474314748.0
2111,289583425.0
2113,1.2637867633713807e+18
2115,8.603954922278093e+17
2117,43537931.0
2118,2558572365.0
2120,9.184058608623821e+17
2121,475735819.0
2126,37228114.0
2127,9.514892753124434e+17
2130,2950795906.0
2131,93845554.0
2134,293522998.0
2135,9.489587595603763e+17
2136,3002271760.0
2137,2775213693.0
2138,1.4164020724178493e+18
2139,1.3251311339237212e+18
2140,3302876158.0
2142,1.382250035447001e+18
2143,2400122453.0
2144,143882918.0
2145,1.383527744424743e+18
2146,9.890758443280548e+17
2147,3375628955.0
2148,1.4032123305200067e+18
2149,110385973.0
2150,299650387.0
2151,1.0664185379699999e+18
2152,8.105371517293732e+17
2154,91417442.0
2157,9.051093555861012e+17
2158,2989592705.0
2160,767486041.0
2161,1701848514.0
2162,8.315418379659674e+17
2164,3337459024.0
2165,8.250199120830382e+17
2166,3187031015.0
2167,19530651.0
2168,197773833.0
2170,356009119.0
2171,4017796049.0
2173,38228691.0
2175,48324016.0
2177,1.3127384658853683e+18
2178,1.3840515543957258e+18
2179,1125962791.0
2180,9.5082941333103e+17
2181,4866955749.0
2184,1.1279612484931297e+18
2185,16808099.0
2188,1.3540753041852334e+18
2189,3236928208.0
2190,1.3250881888435692e+18
2191,2885729417.0
2192,46498076.0
2194,277006619.0
2197,83474160.0
2198,1.0917422955720008e+18
2199,1104490868.0
2203,1.3912825066499768e+18
2204,1334019378.0
2205,1.3253203360160276e+18
2206,1156156982.0
2211,2653856263.0
2213,8.517129471309619e+17
2215,805308596.0
2216,20534846.0
2217,1.15654664225604e+18
2218,1.412723328553558e+18
2220,3047392319.0
2223,9.590599515231068e+17
2224,29540300.0
2228,20840049.0
2232,1.1146813964072837e+18
2233,76663422.0
2235,9.43082490482262e+17
2238,94592987.0
2239,1.419726334453031e+18
2240,1.346869432681902e+18
2245,9.438519954666947e+17
2246,1.412521460376146e+18
2247,434158517.0
2248,1407065419.0
2249,1.0202970879704351e+18
2256,1.3989550772437402e+18
2257,7.306958362885857e+17
2258,9.174181784976466e+17
2259,1.4076430276073308e+18
2260,1.0355777718530499e+18
2261,170964436.0
2262,8.015495871441756e+17
2266,7.44208315773784e+17
2267,1108382916.0
2268,409258073.0
2270,2995614297.0
2271,1.141458470392279e+18
2274,1.3808716508041298e+18
2275,75005687.0
2279,8.29056811974144e+17
2280,1884137534.0
2282,1126230494.0
2283,4818645382.0
2286,810778129.0
2287,1.0829257633163674e+18
2288,7.549243769113846e+17
2290,53369932.0
2291,563706584.0
2292,17462171.0
2293,3522875063.0
2294,513686597.0
2295,967095170.0
2299,3577737256.0
2300,1.401599442986414e+18
2301,524709738.0
2302,1.3213848062829117e+18
2304,9.435372136016118e+17
2306,1.3493208294908805e+18
2307,1.3900351124572938e+18
2308,485751594.0
2313,1.1842573579304673e+18
2314,1.162689374510887e+18
2315,1053508987.0
2317,1391875208.0
2318,1.3464627346621932e+18
2319,609972369.0
2322,4812528874.0
2323,9.35456332655874e+17
2324,28446356.0
2325,9.769219982271365e+17
2327,2875040093.0
2329,2962097523.0
2331,1.289573573271728e+18
2335,1475734592.0
2339,1193355614.0
2341,15630931.0
2343,21287514.0
2346,2576190538.0
2347,3461419876.0
2348,1.352006307595907e+18
2349,1115222449.0
2350,35810101.0
2351,1.0094577915542815e+18
2352,332698790.0
2353,20765149.0
2355,8.29029719941247e+17
2358,1.193925069476696e+18
2360,389682667.0
2361,392302434.0
2362,1166603377.0
2363,47375691.0
2367,8.264821461770732e+17
2370,2230052774.0
2371,8.749178284360786e+17
2372,8.967598426810409e+17
2373,9.540424549945713e+17
2374,633005935.0
2375,8.377410640522158e+17
2378,2182007458.0
2380,2423392771.0
2383,591671888.0
2384,47049428.0
2387,16361044.0
2390,65413134.0
2397,1.334245117079806e+18
2399,8.170597732418478e+17
2400,1.3981976449300316e+18
2401,19448687.0
2402,8.583628950753403e+17
2404,1.0861747152391168e+18
2406,510620649.0
2407,8.333982090536059e+17
2409,1.381592199826133e+18
2412,884382990.0
2413,8.964486972649923e+17
2414,8.119602433537802e+17
2415,8.205962285641523e+17
2419,133770069.0
2420,574285449.0
2422,2654324832.0
2425,1.3874410048700457e+18
2428,1.1402996993558815e+18
2432,1.0366966554358866e+18
2434,804932376.0
2435,61729247.0
2437,8.648399327450563e+17
2440,38250199.0
2442,224630872.0
2443,506289186.0
2444,16711254.0
2447,1.2870239725766287e+18
2449,48040873.0
2450,269385164.0
2451,9.891452496825262e+17
2452,1.0716654231402496e+18
2455,8.414126352707625e+17
2457,2479436480.0
2458,1.3458394701851648e+18
2460,3351905747.0
2461,72550995.0
2462,1.0036562995891323e+18
2463,1.045759023159681e+18
2464,8.622476395843174e+17
2466,8.154692330900234e+17
2467,1.0526213583230034e+18
2469,1.3239732415102403e+18
2472,9.586346029057188e+17
2474,1.0139035148908503e+18
2475,827995050.0
2476,1.2078693085478502e+18
2477,1.3860757297801626e+18
2479,2811445750.0
2480,1.4098897406655406e+18
2484,1558727047.0
2485,2261860334.0
2486,1.364680016265687e+18
2487,9.201939679370199e+17
2489,344248279.0
2490,196277773.0
2491,20593301.0
2492,143484553.0
2493,527658266.0
2494,20699677.0
2495,37639653.0
2496,4503658823.0
2505,1.411680235540648e+18
2507,8.260287453708493e+17
2508,3240319751.0
2509,1.1786069807867249e+18
2513,9.924791025474888e+17
2518,263345356.0
2519,1.0377911065184092e+18
2520,226544340.0
2522,1.3899801780388086e+18
2523,1.3215959950047846e+18
2524,4843474198.0
2527,19926396.0
2531,1.1003881228887286e+18
2532,9.119187135275622e+17
2533,9.322957830214984e+17
2536,1.03227258449741e+18
2537,1.201838123841405e+18
2538,151566115.0
2539,8.467704874809958e+17
2543,288696645.0
2544,64220313.0
2545,1.3967353515831255e+18
2548,970087801.0
2549,449619355.0
2551,1560104953.0
2552,2442590022.0
2553,2573238432.0
2554,1.3131873763789087e+18
